nombres,jugador_link,player_id
Luka Samanic,https://www.proballers.com/es/baloncesto/jugador/70813/luka-samanic,70813
Timothe Luwawu-Cabarrot,https://www.proballers.com/es/baloncesto/jugador/61704/timothe-luwawu-cabarrot,61704
Trent Forrest,https://www.proballers.com/es/baloncesto/jugador/72819/trent-forrest,72819
Hamidou Diallo,https://www.proballers.com/es/baloncesto/jugador/74039/hamidou-diallo,74039
Kobi Simmons,https://www.proballers.com/es/baloncesto/jugador/72846/kobi-simmons,72846
Markus Howard,https://www.proballers.com/es/baloncesto/jugador/70113/markus-howard,70113
Mamadi Diakite,https://www.proballers.com/es/baloncesto/jugador/72775/mamadi-diakite,72775
Rodions Kurucs,https://www.proballers.com/es/baloncesto/jugador/62910/rodions-kurucs,62910
Matteo Spagnolo,https://www.proballers.com/es/baloncesto/jugador/175861/matteo-spagnolo,175861
Tadas Sedekerskis,https://www.proballers.com/es/baloncesto/jugador/60547/tadas-sedekerskis,60547
Markquis Nowell,https://www.proballers.com/es/baloncesto/jugador/192257/markquis-nowell,192257
Khalifa Diop,https://www.proballers.com/es/baloncesto/jugador/178770/khalifa-diop,178770
Rafael Villar,https://www.proballers.com/es/baloncesto/jugador/254571/rafael-villar,254571
Clement Frisch,https://www.proballers.com/es/baloncesto/jugador/175854/clement-frisch,175854
Stefan Joksimovic,https://www.proballers.com/es/baloncesto/jugador/286495/stefan-joksimovic,286495
Hugo Benitez,https://www.proballers.com/es/baloncesto/jugador/174095/hugo-benitez,174095
Alejandro Reyes,https://www.proballers.com/es/baloncesto/jugador/34654/alejandro-reyes,34654
Grant Golden,https://www.proballers.com/es/baloncesto/jugador/188860/grant-golden,188860
Retin Obasohan,https://www.proballers.com/es/baloncesto/jugador/75558/retin-obasohan,75558
Alfonso Plummer,https://www.proballers.com/es/baloncesto/jugador/191383/alfonso-plummer,191383
Agustin Ubal,https://www.proballers.com/es/baloncesto/jugador/183828/agustin-ubal,183828
Louis Olinde,https://www.proballers.com/es/baloncesto/jugador/65474/louis-olinde,65474
Kaodirichi Akobundu-Ehiogu,https://www.proballers.com/es/baloncesto/jugador/234324/kaodirichi-akobundu-ehiogu,234324
Marcis Steinbergs,https://www.proballers.com/es/baloncesto/jugador/173627/marcis-steinbergs,173627
Daniel Perez,https://www.proballers.com/es/baloncesto/jugador/43598/daniel-perez,43598
Pere Oriola,https://www.proballers.com/es/baloncesto/jugador/50329/pere-oriola,50329
Max Gaspà,https://www.proballers.com/es/baloncesto/jugador/293201/max-gaspa,293201
Gustav Knudsen,https://www.proballers.com/es/baloncesto/jugador/180049/gustav-knudsen,180049
Archange Izaw Bolavie,https://www.proballers.com/es/baloncesto/jugador/181178/archange-izaw-bolavie,181178
Santi Yusta,https://www.proballers.com/es/baloncesto/jugador/12862/santi-yusta,12862
Trae Bell-Haynes,https://www.proballers.com/es/baloncesto/jugador/72814/trae-bell-haynes,72814
Devin Robinson,https://www.proballers.com/es/baloncesto/jugador/66195/devin-robinson,66195
Christ Koumadje,https://www.proballers.com/es/baloncesto/jugador/72825/christ-koumadje,72825
Joel Soriano,https://www.proballers.com/es/baloncesto/jugador/188976/joel-soriano,188976
Joaquin Rodriguez,https://www.proballers.com/es/baloncesto/jugador/180476/joaquin-rodriguez,180476
Bojan Dubljevic,https://www.proballers.com/es/baloncesto/jugador/48160/bojan-dubljevic,48160
Erik Stevenson,https://www.proballers.com/es/baloncesto/jugador/188736/erik-stevenson,188736
D.J. Stephens,https://www.proballers.com/es/baloncesto/jugador/39081/d-j-stephens,39081
Marco Spissu,https://www.proballers.com/es/baloncesto/jugador/54918/marco-spissu,54918
Miguel Gonzalez,https://www.proballers.com/es/baloncesto/jugador/66481/miguel-gonzalez,66481
Jaime Fernandez,https://www.proballers.com/es/baloncesto/jugador/70717/jaime-fernandez,70717
Youssouf Traore,https://www.proballers.com/es/baloncesto/jugador/256829/youssouf-traore,256829
Lucas Langarita,https://www.proballers.com/es/baloncesto/jugador/237816/lucas-langarita,237816
Isaiah Wong,https://www.proballers.com/es/baloncesto/jugador/189208/isaiah-wong,189208
Nicolas Brussino,https://www.proballers.com/es/baloncesto/jugador/64344/nicolas-brussino,64344
Mike Tobey,https://www.proballers.com/es/baloncesto/jugador/14071/mike-tobey,14071
Braian Angola-Rodas,https://www.proballers.com/es/baloncesto/jugador/72821/braian-angola-rodas,72821
Louis Labeyrie,https://www.proballers.com/es/baloncesto/jugador/47442/louis-labeyrie,47442
Pierre Pelos,https://www.proballers.com/es/baloncesto/jugador/17239/pierre-pelos,17239
Ziga Samar,https://www.proballers.com/es/baloncesto/jugador/75018/ziga-samar,75018
Andrew Albicy,https://www.proballers.com/es/baloncesto/jugador/43624/andrew-albicy,43624
Kur Kuath,https://www.proballers.com/es/baloncesto/jugador/189251/kur-kuath,189251
Miquel Salvo,https://www.proballers.com/es/baloncesto/jugador/12728/miquel-salvo,12728
Eric Vila,https://www.proballers.com/es/baloncesto/jugador/64957/eric-vila,64957
Lucas Maniema,https://www.proballers.com/es/baloncesto/jugador/285975/lucas-maniema,285975
Tornike Shengelia,https://www.proballers.com/es/baloncesto/jugador/47700/tornike-shengelia,47700
Kevin Punter,https://www.proballers.com/es/baloncesto/jugador/71712/kevin-punter,71712
Will Clyburn,https://www.proballers.com/es/baloncesto/jugador/61173/will-clyburn,61173
Nicolas Laprovittola,https://www.proballers.com/es/baloncesto/jugador/7817/nicolas-laprovittola,7817
Willy Hernangomez,https://www.proballers.com/es/baloncesto/jugador/12194/willy-hernangomez,12194
Joel Parra,https://www.proballers.com/es/baloncesto/jugador/70110/joel-parra,70110
Dario Brizuela,https://www.proballers.com/es/baloncesto/jugador/37838/dario-brizuela,37838
Myles Cale,https://www.proballers.com/es/baloncesto/jugador/76183/myles-cale,76183
Youssoupha Fall,https://www.proballers.com/es/baloncesto/jugador/60506/youssoupha-fall,60506
Jan Vesely,https://www.proballers.com/es/baloncesto/jugador/47364/jan-vesely,47364
Tomas Satoransky,https://www.proballers.com/es/baloncesto/jugador/47407/tomas-satoransky,47407
Juan Ignacio Marcos,https://www.proballers.com/es/baloncesto/jugador/71156/juan-ignacio-marcos,71156
Sayon Keita,https://www.proballers.com/es/baloncesto/jugador/283199/sayon-keita,283199
Nikola Kusturica,https://www.proballers.com/es/baloncesto/jugador/297260/nikola-kusturica,297260
Cameron Hunt,https://www.proballers.com/es/baloncesto/jugador/178420/cameron-hunt,178420
Ante Tomic,https://www.proballers.com/es/baloncesto/jugador/19302/ante-tomic,19302
Ricky Rubio,https://www.proballers.com/es/baloncesto/jugador/22386/ricky-rubio,22386
Simon Birgander,https://www.proballers.com/es/baloncesto/jugador/68145/simon-birgander,68145
Ludvig Hakanson,https://www.proballers.com/es/baloncesto/jugador/17838/ludvig-hakanson,17838
Michael Ruzic,https://www.proballers.com/es/baloncesto/jugador/254908/michael-ruzic,254908
Guillem Vives,https://www.proballers.com/es/baloncesto/jugador/17259/guillem-vives,17259
Adam Hanga,https://www.proballers.com/es/baloncesto/jugador/45927/adam-hanga,45927
Sam Dekker,https://www.proballers.com/es/baloncesto/jugador/61349/sam-dekker,61349
Henri Drell,https://www.proballers.com/es/baloncesto/jugador/69833/henri-drell,69833
Yannick Kraag,https://www.proballers.com/es/baloncesto/jugador/175964/yannick-kraag,175964
Ferran Mauri,https://www.proballers.com/es/baloncesto/jugador/291445/ferran-mauri,291445
Miguel Allen,https://www.proballers.com/es/baloncesto/jugador/183727/miguel-allen,183727
Marcelinho Huertas,https://www.proballers.com/es/baloncesto/jugador/20208/marcelinho-huertas,20208
Giorgi Shermadini,https://www.proballers.com/es/baloncesto/jugador/47687/giorgi-shermadini,47687
Jaime Fernandez,https://www.proballers.com/es/baloncesto/jugador/52181/jaime-fernandez,52181
Rokas Giedraitis,https://www.proballers.com/es/baloncesto/jugador/12897/rokas-giedraitis,12897
Francisco Guerra,https://www.proballers.com/es/baloncesto/jugador/38324/francisco-guerra,38324
Aaron Doornekamp,https://www.proballers.com/es/baloncesto/jugador/47906/aaron-doornekamp,47906
Bruno Fitipaldo,https://www.proballers.com/es/baloncesto/jugador/68113/bruno-fitipaldo,68113
Thomas Scrubb,https://www.proballers.com/es/baloncesto/jugador/68701/thomas-scrubb,68701
Joan Sastre,https://www.proballers.com/es/baloncesto/jugador/46812/joan-sastre,46812
Wes Vanbeck,https://www.proballers.com/es/baloncesto/jugador/76349/wes-vanbeck,76349
Tim Abromaitis,https://www.proballers.com/es/baloncesto/jugador/48997/tim-abromaitis,48997
Konstantin Kostadinov,https://www.proballers.com/es/baloncesto/jugador/174360/konstantin-kostadinov,174360
Lluis Costa,https://www.proballers.com/es/baloncesto/jugador/37021/lluis-costa,37021
Hector Alderete,https://www.proballers.com/es/baloncesto/jugador/75031/hector-alderete,75031
Mario Hezonja,https://www.proballers.com/es/baloncesto/jugador/18072/mario-hezonja,18072
Trey Lyles,https://www.proballers.com/es/baloncesto/jugador/14366/trey-lyles,14366
Alex Len,https://www.proballers.com/es/baloncesto/jugador/61699/alex-len,61699
Theo Maledon,https://www.proballers.com/es/baloncesto/jugador/68979/theo-maledon,68979
Facundo Campazzo,https://www.proballers.com/es/baloncesto/jugador/47482/facundo-campazzo,47482
Walter Tavares,https://www.proballers.com/es/baloncesto/jugador/12643/walter-tavares,12643
Gabriel Deck,https://www.proballers.com/es/baloncesto/jugador/7897/gabriel-deck,7897
Sergio Llull,https://www.proballers.com/es/baloncesto/jugador/19343/sergio-llull,19343
Usman Garuba,https://www.proballers.com/es/baloncesto/jugador/70721/usman-garuba,70721
David Kramer,https://www.proballers.com/es/baloncesto/jugador/62348/david-kramer,62348
Chuma Okeke,https://www.proballers.com/es/baloncesto/jugador/76286/chuma-okeke,76286
Alberto Abalde,https://www.proballers.com/es/baloncesto/jugador/56718/alberto-abalde,56718
Bruno Fernando,https://www.proballers.com/es/baloncesto/jugador/178613/bruno-fernando,178613
Izan Almansa,https://www.proballers.com/es/baloncesto/jugador/265437/izan-almansa,265437
Andres Feliz,https://www.proballers.com/es/baloncesto/jugador/66894/andres-feliz,66894
Gabriele Procida,https://www.proballers.com/es/baloncesto/jugador/175863/gabriele-procida,175863
Gunārs Grīnvalds,https://www.proballers.com/es/baloncesto/jugador/273174/gunars-grinvalds,273174
Darrun Hilliard,https://www.proballers.com/es/baloncesto/jugador/61334/darrun-hilliard,61334
Justin Jaworski,https://www.proballers.com/es/baloncesto/jugador/191465/justin-jaworski,191465
Melwin Pantzar,https://www.proballers.com/es/baloncesto/jugador/70920/melwin-pantzar,70920
Tryggvi Hlinason,https://www.proballers.com/es/baloncesto/jugador/68159/tryggvi-hlinason,68159
Martin Krampelj,https://www.proballers.com/es/baloncesto/jugador/57954/martin-krampelj,57954
Luke Petrasek,https://www.proballers.com/es/baloncesto/jugador/75696/luke-petrasek,75696
Margiris Normantas,https://www.proballers.com/es/baloncesto/jugador/65312/margiris-normantas,65312
Harald Frey,https://www.proballers.com/es/baloncesto/jugador/57435/harald-frey,57435
Amar Sylla,https://www.proballers.com/es/baloncesto/jugador/179537/amar-sylla,179537
Stefan Lazarevic,https://www.proballers.com/es/baloncesto/jugador/57235/stefan-lazarevic,57235
Aleix Font,https://www.proballers.com/es/baloncesto/jugador/65552/aleix-font,65552
Bassala Bagayoko,https://www.proballers.com/es/baloncesto/jugador/236341/bassala-bagayoko,236341
Aleksander Balcerowski,https://www.proballers.com/es/baloncesto/jugador/75737/aleksander-balcerowski,75737
Chris Duarte,https://www.proballers.com/es/baloncesto/jugador/191295/chris-duarte,191295
James Webb,https://www.proballers.com/es/baloncesto/jugador/65183/james-webb,65183
Kendrick Perry,https://www.proballers.com/es/baloncesto/jugador/65595/kendrick-perry,65595
Tyson Perez,https://www.proballers.com/es/baloncesto/jugador/175142/tyson-perez,175142
Nihad Djedovic,https://www.proballers.com/es/baloncesto/jugador/41239/nihad-djedovic,41239
Tyler Kalinoski,https://www.proballers.com/es/baloncesto/jugador/56276/tyler-kalinoski,56276
David Kravish,https://www.proballers.com/es/baloncesto/jugador/56197/david-kravish,56197
Alberto Diaz,https://www.proballers.com/es/baloncesto/jugador/37845/alberto-diaz,37845
Killian Tillie,https://www.proballers.com/es/baloncesto/jugador/62707/killian-tillie,62707
Emir Sulejmanovic,https://www.proballers.com/es/baloncesto/jugador/16027/emir-sulejmanovic,16027
Jonathan Barreiro,https://www.proballers.com/es/baloncesto/jugador/62327/jonathan-barreiro,62327
Xavier Castaneda,https://www.proballers.com/es/baloncesto/jugador/188796/xavier-castaneda,188796
Chase Audige,https://www.proballers.com/es/baloncesto/jugador/212039/chase-audige,212039
Arturas Butajevas,https://www.proballers.com/es/baloncesto/jugador/273180/arturas-butajevas,273180
Jean Claudio Montero,https://www.proballers.com/es/baloncesto/jugador/175092/jean-claudio-montero,175092
Kameron Taylor,https://www.proballers.com/es/baloncesto/jugador/72385/kameron-taylor,72385
Jaime Pradilla,https://www.proballers.com/es/baloncesto/jugador/70725/jaime-pradilla,70725
Nate Reuvers,https://www.proballers.com/es/baloncesto/jugador/178750/nate-reuvers,178750
Omari Moore,https://www.proballers.com/es/baloncesto/jugador/191009/omari-moore,191009
Darius Thompson,https://www.proballers.com/es/baloncesto/jugador/62490/darius-thompson,62490
Brancou Badio,https://www.proballers.com/es/baloncesto/jugador/184066/brancou-badio,184066
Matt Costello,https://www.proballers.com/es/baloncesto/jugador/60919/matt-costello,60919
Braxton Key,https://www.proballers.com/es/baloncesto/jugador/76187/braxton-key,76187
Xabier Lopez-Arosteguj,https://www.proballers.com/es/baloncesto/jugador/63242/xabier-lopez-arosteguj,63242
Sergio De Larrea,https://www.proballers.com/es/baloncesto/jugador/212378/sergio-de-larrea,212378
Neal Sako,https://www.proballers.com/es/baloncesto/jugador/71342/neal-sako,71342
Joseph Puerto,https://www.proballers.com/es/baloncesto/jugador/67766/joseph-puerto,67766
Yankuba Sima,https://www.proballers.com/es/baloncesto/jugador/65333/yankuba-sima,65333
Ike Iroegbu,https://www.proballers.com/es/baloncesto/jugador/75687/ike-iroegbu,75687
Isaac Nogués González,https://www.proballers.com/es/baloncesto/jugador/285755/isaac-nogues-gonzalez,285755
